{
  "coef": [
    [
      5.093166592868277
    ]
  ],
  "intercept": [
    -2.38457035583635
  ],
  "classes": [
    0,
    1
  ]
}