{
  "max_rul": 2495.0,
  "log_max_rul": 7.822444729489319,
  "hi_mean": 5.0084922328145565,
  "hi_std": 1.9718196777203225,
  "vel_std": 0.025715921074151993,
  "acc_std": 0.012258848175406456,
  "max_time": 2495.0,
  "feature_set": "baseline"
}